username,country,age,scrobble_count,url,top_genres,playlists_count,registered_year
rengrimes_12,,0,151413,https://www.last.fm/user/rengrimes_12,,0,2024
nolongersamu,,0,97427,https://www.last.fm/user/nolongersamu,,0,2025
alinast2404,,0,39887,https://www.last.fm/user/alinast2404,,0,2025
Samantha_627,,0,210235,https://www.last.fm/user/Samantha_627,,0,2020
natalia2205,,0,117755,https://www.last.fm/user/natalia2205,,0,2023
h3rmela,,0,64003,https://www.last.fm/user/h3rmela,,0,2024
ILoveWeezer_94,,0,54607,https://www.last.fm/user/ILoveWeezer_94,,0,2025
seninsi,,0,261827,https://www.last.fm/user/seninsi,,0,2020
sums_,,0,137985,https://www.last.fm/user/sums_,,0,2023
trqgicgirl,,0,119477,https://www.last.fm/user/trqgicgirl,,0,2025
Sophhhz,,0,85033,https://www.last.fm/user/Sophhhz,,0,2024
cherrilly,,0,291458,https://www.last.fm/user/cherrilly,,0,2022
llaran,,0,86169,https://www.last.fm/user/llaran,,0,2022
samfishey,,0,92728,https://www.last.fm/user/samfishey,,0,2022
rashoumeow,,0,151866,https://www.last.fm/user/rashoumeow,,0,2024
cola36808,,0,75546,https://www.last.fm/user/cola36808,,0,2025
sofadd,,0,276856,https://www.last.fm/user/sofadd,,0,2022
pcktt_,,0,284675,https://www.last.fm/user/pcktt_,,0,2017
motah137,,0,21726,https://www.last.fm/user/motah137,,0,2024
fobsoul,,0,144456,https://www.last.fm/user/fobsoul,,0,2024
pablohoneyluvr,,0,144795,https://www.last.fm/user/pablohoneyluvr,,0,2022
FishIsADish,,0,66556,https://www.last.fm/user/FishIsADish,,0,2024
hrofr28,,0,6259,https://www.last.fm/user/hrofr28,,0,2025
Hak28,,0,60484,https://www.last.fm/user/Hak28,,0,2023
buck1rl,,0,120992,https://www.last.fm/user/buck1rl,,0,2024
kaylinnn,,0,71835,https://www.last.fm/user/kaylinnn,,0,2024
coldplay_kid,,0,12908,https://www.last.fm/user/coldplay_kid,,0,2018
mckenziepedroza,,0,168683,https://www.last.fm/user/mckenziepedroza,,0,2023
TheHappyH1,,0,23033,https://www.last.fm/user/TheHappyH1,,0,2025
starsiclee,,0,37412,https://www.last.fm/user/starsiclee,,0,2025
mathis_010,,0,13524,https://www.last.fm/user/mathis_010,,0,2025
allweknowisalex,,0,108640,https://www.last.fm/user/allweknowisalex,,0,2025
PrinceHarming4K,,0,114649,https://www.last.fm/user/PrinceHarming4K,,0,2025
jenjen_000,,0,0,https://www.last.fm/user/jenjen_000,,0,0
juan_firewall10,,0,0,https://www.last.fm/user/juan_firewall10,,0,0
cozyDarkLORD,,0,107248,https://www.last.fm/user/cozyDarkLORD,,0,2024
AviationLover50,,0,18553,https://www.last.fm/user/AviationLover50,,0,2025
sillyliff,,0,938058,https://www.last.fm/user/sillyliff,,0,2017
FkeJay,,0,182604,https://www.last.fm/user/FkeJay,,0,2025
fredmars1,,0,38682,https://www.last.fm/user/fredmars1,,0,2025
Sheasnow,,0,894613,https://www.last.fm/user/Sheasnow,,0,2020
convxromance,,0,144032,https://www.last.fm/user/convxromance,,0,2024
dvrksovls,,0,93249,https://www.last.fm/user/dvrksovls,,0,2025
aphelion990,,0,33681,https://www.last.fm/user/aphelion990,,0,2025
Tophatpineapple,,0,68625,https://www.last.fm/user/Tophatpineapple,,0,2024
Tcm94,,0,184325,https://www.last.fm/user/Tcm94,,0,2008
sh1nzk,,0,82524,https://www.last.fm/user/sh1nzk,,0,2024
leeknowified,,0,249611,https://www.last.fm/user/leeknowified,,0,2023
SpaceRanger414,,0,765706,https://www.last.fm/user/SpaceRanger414,,0,2005
zubinSedghi1,,0,121574,https://www.last.fm/user/zubinSedghi1,,0,2024
cifized,,0,82103,https://www.last.fm/user/cifized,,0,2024
DevilDave59,,0,1516065,https://www.last.fm/user/DevilDave59,,0,2007
kaeyabedos,,0,46289,https://www.last.fm/user/kaeyabedos,,0,2024
cvmshooter3000,,0,35681,https://www.last.fm/user/cvmshooter3000,,0,2025
slovsko,,0,59768,https://www.last.fm/user/slovsko,,0,2024
Agrixe,,0,156138,https://www.last.fm/user/Agrixe,,0,2024
Verttiiu,,0,210780,https://www.last.fm/user/Verttiiu,,0,2019
ajaxdishsoap,,0,68999,https://www.last.fm/user/ajaxdishsoap,,0,2023
festiveazax_921,,0,49171,https://www.last.fm/user/festiveazax_921,,0,2025
XXTHEBETTERONE,,0,66118,https://www.last.fm/user/XXTHEBETTERONE,,0,2024
Poooogie,,0,87777,https://www.last.fm/user/Poooogie,,0,2024
Clippingg,,0,145808,https://www.last.fm/user/Clippingg,,0,2025
rickycrisis,,0,72381,https://www.last.fm/user/rickycrisis,,0,2024
oliviarose98,,0,33549,https://www.last.fm/user/oliviarose98,,0,2023
hehehehahoi,,0,40979,https://www.last.fm/user/hehehehahoi,,0,2024
jinsauruz,,0,655025,https://www.last.fm/user/jinsauruz,,0,2024
kkppp,,0,54140,https://www.last.fm/user/kkppp,,0,2022
rogerstape-,,0,76452,https://www.last.fm/user/rogerstape-,,0,2024
darts0fpleasure,,0,25349,https://www.last.fm/user/darts0fpleasure,,0,2025
Helaoo,,0,266469,https://www.last.fm/user/Helaoo,,0,2023
klady_08,,0,51098,https://www.last.fm/user/klady_08,,0,2025
Mich_cr_,,0,430849,https://www.last.fm/user/Mich_cr_,,0,2021
T0by0rcas,,0,218009,https://www.last.fm/user/T0by0rcas,,0,2023
sophyman,,0,0,https://www.last.fm/user/sophyman,,0,0
BeerEnthusiast,,0,0,https://www.last.fm/user/BeerEnthusiast,,0,0
Yodawalk,,0,70982,https://www.last.fm/user/Yodawalk,,0,2025
wHaleJoey_,,0,171235,https://www.last.fm/user/wHaleJoey_,,0,2023
sillywillybyers,,0,71664,https://www.last.fm/user/sillywillybyers,,0,2023
Glexstrode,,0,80506,https://www.last.fm/user/Glexstrode,,0,2024
DogeTennant,,0,212274,https://www.last.fm/user/DogeTennant,,0,2024
scarrletstarlet,,0,71615,https://www.last.fm/user/scarrletstarlet,,0,2025
R1ddell,,0,165166,https://www.last.fm/user/R1ddell,,0,2022
Blueberry_Scars,,0,89173,https://www.last.fm/user/Blueberry_Scars,,0,2023
vermrat,,0,55882,https://www.last.fm/user/vermrat,,0,2025
salsobrien,,0,278945,https://www.last.fm/user/salsobrien,,0,2021
x6793x,,0,611327,https://www.last.fm/user/x6793x,,0,2009
sierrajasmine,,0,88586,https://www.last.fm/user/sierrajasmine,,0,2024
pukewad,,0,144945,https://www.last.fm/user/pukewad,,0,2023
weezerus,,0,127801,https://www.last.fm/user/weezerus,,0,2024
xxabbit211xx,,0,13004,https://www.last.fm/user/xxabbit211xx,,0,2025
SPKRecords,,0,234291,https://www.last.fm/user/SPKRecords,,0,2010
summer_dreaming,,0,211398,https://www.last.fm/user/summer_dreaming,,0,2022
kellycanedo,,0,219486,https://www.last.fm/user/kellycanedo,,0,2022
yazdankm,,0,982545,https://www.last.fm/user/yazdankm,,0,2009
vvvvanessaaa,,0,0,https://www.last.fm/user/vvvvanessaaa,,0,0
snaedishrafns,,0,0,https://www.last.fm/user/snaedishrafns,,0,0
zojksciuasbfkjh,,0,171470,https://www.last.fm/user/zojksciuasbfkjh,,0,2023
Ybanca,,0,57198,https://www.last.fm/user/Ybanca,,0,2024
Beep529,,0,183099,https://www.last.fm/user/Beep529,,0,2023
FLREN,,0,0,https://www.last.fm/user/FLREN,,0,0
Meltonx,,0,0,https://www.last.fm/user/Meltonx,,0,0
twinktr0n5000,,0,117279,https://www.last.fm/user/twinktr0n5000,,0,2025
MantisPantis,,0,82960,https://www.last.fm/user/MantisPantis,,0,2024
LolaLoca001,,0,47194,https://www.last.fm/user/LolaLoca001,,0,2024
mclovin63839,,0,90924,https://www.last.fm/user/mclovin63839,,0,2022
Depthxinspired,,0,107913,https://www.last.fm/user/Depthxinspired,,0,2025
annadalligan,,0,70182,https://www.last.fm/user/annadalligan,,0,2021
noahgourley,,0,63892,https://www.last.fm/user/noahgourley,,0,2025
Medicbigmac,,0,60296,https://www.last.fm/user/Medicbigmac,,0,2025
will_wow1504,,0,96108,https://www.last.fm/user/will_wow1504,,0,2023
Exunity,,0,159597,https://www.last.fm/user/Exunity,,0,2024
Alisonb2680,,0,99068,https://www.last.fm/user/Alisonb2680,,0,2023
Weezerfan727,,0,161028,https://www.last.fm/user/Weezerfan727,,0,2024
Erysibe,,0,217060,https://www.last.fm/user/Erysibe,,0,2022
Topaz_matt,,0,93779,https://www.last.fm/user/Topaz_matt,,0,2024
Ieathermouth,,0,158097,https://www.last.fm/user/Ieathermouth,,0,2023
LZR007,,0,268832,https://www.last.fm/user/LZR007,,0,2021
forningz,,0,85615,https://www.last.fm/user/forningz,,0,2024
thef4wk,,0,99715,https://www.last.fm/user/thef4wk,,0,2023
mixrow4v3,,0,27344,https://www.last.fm/user/mixrow4v3,,0,2025
ojmastar,,0,64391,https://www.last.fm/user/ojmastar,,0,2024
itzkobii0,,0,51085,https://www.last.fm/user/itzkobii0,,0,2025
Hezra12,,0,189999,https://www.last.fm/user/Hezra12,,0,2021
Viliamko,,0,702131,https://www.last.fm/user/Viliamko,,0,2012
Patomatma,,0,29360,https://www.last.fm/user/Patomatma,,0,2025
cutiejimmyballs,,0,110950,https://www.last.fm/user/cutiejimmyballs,,0,2023
Aunyachampagne,,0,348306,https://www.last.fm/user/Aunyachampagne,,0,2022
North-Wolf-90,,0,130493,https://www.last.fm/user/North-Wolf-90,,0,2020
danielm44,,0,91447,https://www.last.fm/user/danielm44,,0,2023
donaldduck386,,0,61887,https://www.last.fm/user/donaldduck386,,0,2025
emory_tuba,,0,34997,https://www.last.fm/user/emory_tuba,,0,2025
charlottetsymes,,0,107842,https://www.last.fm/user/charlottetsymes,,0,2023
Foxiesa,,0,42753,https://www.last.fm/user/Foxiesa,,0,2023
Renokkusu,,0,213829,https://www.last.fm/user/Renokkusu,,0,2022
donmel123,,0,21872,https://www.last.fm/user/donmel123,,0,2024
playahxyzx,,0,98412,https://www.last.fm/user/playahxyzx,,0,2025
moon_crator,,0,154460,https://www.last.fm/user/moon_crator,,0,2023
EvenlyOdd,,0,167104,https://www.last.fm/user/EvenlyOdd,,0,2023
Luziusshinoda,,0,80984,https://www.last.fm/user/Luziusshinoda,,0,2024
gateradee,,0,73068,https://www.last.fm/user/gateradee,,0,2023
onnieplays,,0,98272,https://www.last.fm/user/onnieplays,,0,2022
prtyoddio,,0,43292,https://www.last.fm/user/prtyoddio,,0,2025
karolina_iksde,,0,111312,https://www.last.fm/user/karolina_iksde,,0,2024
meckmanguito,,0,79857,https://www.last.fm/user/meckmanguito,,0,2024
Gracebroski,,0,98279,https://www.last.fm/user/Gracebroski,,0,2022
kzyyx,,0,84642,https://www.last.fm/user/kzyyx,,0,2024
poopoobrainfart,,0,249284,https://www.last.fm/user/poopoobrainfart,,0,2022
PotatoMuncher_,,0,29066,https://www.last.fm/user/PotatoMuncher_,,0,2024
Pmopmopmopmo,,0,36628,https://www.last.fm/user/Pmopmopmopmo,,0,2025
sealexei,,0,127653,https://www.last.fm/user/sealexei,,0,2025
Jonte2906,,0,80312,https://www.last.fm/user/Jonte2906,,0,2022
Dwisu,,0,196697,https://www.last.fm/user/Dwisu,,0,2024
aruannolea,,0,275297,https://www.last.fm/user/aruannolea,,0,2022
Saharadorr,,0,34903,https://www.last.fm/user/Saharadorr,,0,2025
brunoossantos,,0,517510,https://www.last.fm/user/brunoossantos,,0,2017
malgal15,,0,177876,https://www.last.fm/user/malgal15,,0,2022
Honeywoneypie,,0,139842,https://www.last.fm/user/Honeywoneypie,,0,2024
packed_RK5,,0,79224,https://www.last.fm/user/packed_RK5,,0,2024
chunguder,,0,68581,https://www.last.fm/user/chunguder,,0,2024
luv_wonwoo,,0,39734,https://www.last.fm/user/luv_wonwoo,,0,2025
us_er_na_me,,0,15054,https://www.last.fm/user/us_er_na_me,,0,2025
Guizao_,,0,210913,https://www.last.fm/user/Guizao_,,0,2023
huntrsm00n,,0,293218,https://www.last.fm/user/huntrsm00n,,0,2023
TorturousTea,,0,0,https://www.last.fm/user/TorturousTea,,0,0
liamwolfmutt,,0,0,https://www.last.fm/user/liamwolfmutt,,0,0
autisticgerard,,0,333537,https://www.last.fm/user/autisticgerard,,0,2022
whirrfangirl__,,0,159056,https://www.last.fm/user/whirrfangirl__,,0,2022
AsahiSora,,0,131986,https://www.last.fm/user/AsahiSora,,0,2022
akuchuuchuu,,0,41151,https://www.last.fm/user/akuchuuchuu,,0,2025
j4yrm,,0,148979,https://www.last.fm/user/j4yrm,,0,2024
Tackz4snackz,,0,39988,https://www.last.fm/user/Tackz4snackz,,0,2025
Schamery,,0,161950,https://www.last.fm/user/Schamery,,0,2024
sceneprncess,,0,159900,https://www.last.fm/user/sceneprncess,,0,2023
Avrieraeeeeee,,0,62854,https://www.last.fm/user/Avrieraeeeeee,,0,2025
Bozo_21,,0,224318,https://www.last.fm/user/Bozo_21,,0,2022
lordspotty02,,0,92456,https://www.last.fm/user/lordspotty02,,0,2023
ddayat,,0,57603,https://www.last.fm/user/ddayat,,0,2025
chl_0ew,,0,72498,https://www.last.fm/user/chl_0ew,,0,2024
Cleiton110,,0,65248,https://www.last.fm/user/Cleiton110,,0,2021
vbxrby,,0,31729,https://www.last.fm/user/vbxrby,,0,2021
bananaindiana,,0,94230,https://www.last.fm/user/bananaindiana,,0,2024
riverairee,,0,328003,https://www.last.fm/user/riverairee,,0,2020
catyjane098,,0,337136,https://www.last.fm/user/catyjane098,,0,2021
brataoty,,0,0,https://www.last.fm/user/brataoty,,0,0
mahnriq,,0,0,https://www.last.fm/user/mahnriq,,0,0
agirlrocky,,0,110472,https://www.last.fm/user/agirlrocky,,0,2023
Greyx3,,0,145501,https://www.last.fm/user/Greyx3,,0,2024
monarcaladeus,,0,0,https://www.last.fm/user/monarcaladeus,,0,0
AlecxSpotify,,0,0,https://www.last.fm/user/AlecxSpotify,,0,0
Hezedeze,,0,0,https://www.last.fm/user/Hezedeze,,0,0
ilaz--,,0,0,https://www.last.fm/user/ilaz--,,0,0
Gave555,,0,58287,https://www.last.fm/user/Gave555,,0,2025
EnVOXic,,0,91567,https://www.last.fm/user/EnVOXic,,0,2024
MrVitto,,0,104215,https://www.last.fm/user/MrVitto,,0,2022
Just-jay-lol,,0,38747,https://www.last.fm/user/Just-jay-lol,,0,2025
highHemo,,0,101650,https://www.last.fm/user/highHemo,,0,2025
makyusen,,0,114934,https://www.last.fm/user/makyusen,,0,2023
Megkae,,0,168420,https://www.last.fm/user/Megkae,,0,2022
souup09,,0,65725,https://www.last.fm/user/souup09,,0,2023
evantomaras,,0,210194,https://www.last.fm/user/evantomaras,,0,2022
mariovictornova,,0,69737,https://www.last.fm/user/mariovictornova,,0,2024
Mia_Rigney1009,,0,505192,https://www.last.fm/user/Mia_Rigney1009,,0,2023
fregreg,,0,133105,https://www.last.fm/user/fregreg,,0,2023
GirocopteroAvan,,0,28196,https://www.last.fm/user/GirocopteroAvan,,0,2024
zoemurillo,,0,130225,https://www.last.fm/user/zoemurillo,,0,2024
blues0cks,,0,109767,https://www.last.fm/user/blues0cks,,0,2024
C41C1UM,,0,60190,https://www.last.fm/user/C41C1UM,,0,2025
melissastuart,,0,2123992,https://www.last.fm/user/melissastuart,,0,2020
lylaal,,0,112452,https://www.last.fm/user/lylaal,,0,2024
gabrie-lreyes,,0,119882,https://www.last.fm/user/gabrie-lreyes,,0,2023
nsk2008,,0,732417,https://www.last.fm/user/nsk2008,,0,2009
jullyv3rse,,0,143688,https://www.last.fm/user/jullyv3rse,,0,2025
NickWake,,0,25237,https://www.last.fm/user/NickWake,,0,2024
devoiruz,,0,285781,https://www.last.fm/user/devoiruz,,0,2023
Frahh14,,0,97239,https://www.last.fm/user/Frahh14,,0,2023
Stellabuttcheek,,0,106914,https://www.last.fm/user/Stellabuttcheek,,0,2023
SnipePolo,,0,52022,https://www.last.fm/user/SnipePolo,,0,2025
bethvnjones,,0,199485,https://www.last.fm/user/bethvnjones,,0,2019
ilovethomyorkee,,0,222534,https://www.last.fm/user/ilovethomyorkee,,0,2023
mihasule,,0,0,https://www.last.fm/user/mihasule,,0,0
xaq12456ygds,,0,0,https://www.last.fm/user/xaq12456ygds,,0,0
izzynewell,,0,0,https://www.last.fm/user/izzynewell,,0,0
MrBlue7714,,0,161317,https://www.last.fm/user/MrBlue7714,,0,2024
not_joking,,0,130774,https://www.last.fm/user/not_joking,,0,2023
Lemdesis,,0,101153,https://www.last.fm/user/Lemdesis,,0,2024
cyb3r_noob,,0,148637,https://www.last.fm/user/cyb3r_noob,,0,2023
ItzBambii,,0,132769,https://www.last.fm/user/ItzBambii,,0,2023
KatnissEverde,,0,65411,https://www.last.fm/user/KatnissEverde,,0,2024
PSilvestre1,,0,90824,https://www.last.fm/user/PSilvestre1,,0,2025
mothbunni,,0,203474,https://www.last.fm/user/mothbunni,,0,2024
ramramnath,,0,2696136,https://www.last.fm/user/ramramnath,,0,2006
yfred,,0,122097,https://www.last.fm/user/yfred,,0,2023
hdjsnd282848_,,0,199616,https://www.last.fm/user/hdjsnd282848_,,0,2021
maddawgt,,0,239307,https://www.last.fm/user/maddawgt,,0,2022
veilottie,,0,118237,https://www.last.fm/user/veilottie,,0,2023
GlassEyesLover,,0,63194,https://www.last.fm/user/GlassEyesLover,,0,2025
ChrisHoefliger,,0,2543270,https://www.last.fm/user/ChrisHoefliger,,0,2014
mrzikadoo,,0,72369,https://www.last.fm/user/mrzikadoo,,0,2023
ris337,,0,181495,https://www.last.fm/user/ris337,,0,2023
scribbloopd,,0,83806,https://www.last.fm/user/scribbloopd,,0,2023
pheenymeany,,0,138590,https://www.last.fm/user/pheenymeany,,0,2023
hesrry,,0,136336,https://www.last.fm/user/hesrry,,0,2022
AsahiNoSora,,0,104947,https://www.last.fm/user/AsahiNoSora,,0,2023
unichkaa,,0,234343,https://www.last.fm/user/unichkaa,,0,2020
NatOceansoul,,0,26093,https://www.last.fm/user/NatOceansoul,,0,2023
heyue0729,,0,274218,https://www.last.fm/user/heyue0729,,0,2020
muriloarthur,,0,1113141,https://www.last.fm/user/muriloarthur,,0,2016
PalmyWalmy,,0,77280,https://www.last.fm/user/PalmyWalmy,,0,2024
pestilenceboi,,0,18724,https://www.last.fm/user/pestilenceboi,,0,2025
Rewjh,,0,179029,https://www.last.fm/user/Rewjh,,0,2022
urfavk3te,,0,170133,https://www.last.fm/user/urfavk3te,,0,2023
AlonsoCiex,,0,19745,https://www.last.fm/user/AlonsoCiex,,0,2025
itsjunelol,,0,56199,https://www.last.fm/user/itsjunelol,,0,2025
JEANIESPEE,,0,483773,https://www.last.fm/user/JEANIESPEE,,0,2021
MundiLundi,,0,173577,https://www.last.fm/user/MundiLundi,,0,2021
Kanji_kkj,,0,87125,https://www.last.fm/user/Kanji_kkj,,0,2024
bbam6,,0,255688,https://www.last.fm/user/bbam6,,0,2022
L_ucasP,,0,118571,https://www.last.fm/user/L_ucasP,,0,2012
Mercurykid1979,,0,110460,https://www.last.fm/user/Mercurykid1979,,0,2023
saturnskiesssss,,0,32460,https://www.last.fm/user/saturnskiesssss,,0,2025
austinauger,,0,151204,https://www.last.fm/user/austinauger,,0,2022
l1nski,,0,114737,https://www.last.fm/user/l1nski,,0,2025
Lackie_Chan,,0,501808,https://www.last.fm/user/Lackie_Chan,,0,2009
iamskunkyjosh,,0,19909,https://www.last.fm/user/iamskunkyjosh,,0,2025
Hezra2130,,0,118048,https://www.last.fm/user/Hezra2130,,0,2023
fred4407,,0,115864,https://www.last.fm/user/fred4407,,0,2024
Crayons99,,0,99767,https://www.last.fm/user/Crayons99,,0,2025
eyvone_,,0,178789,https://www.last.fm/user/eyvone_,,0,2023
tiadevlin,,0,135219,https://www.last.fm/user/tiadevlin,,0,2024
Brossi2891,,0,356570,https://www.last.fm/user/Brossi2891,,0,2022
Jathnyel,,0,197371,https://www.last.fm/user/Jathnyel,,0,2023
LeftY_CRO,,0,357871,https://www.last.fm/user/LeftY_CRO,,0,2006
Bulbrey,,0,107176,https://www.last.fm/user/Bulbrey,,0,2024
blasy_b,,0,227506,https://www.last.fm/user/blasy_b,,0,2024
lav050,,0,108120,https://www.last.fm/user/lav050,,0,2025
wivluer,,0,48328,https://www.last.fm/user/wivluer,,0,2024
maxwell-_-,,0,85599,https://www.last.fm/user/maxwell-_-,,0,2023
Lunargoddess68,,0,2212047,https://www.last.fm/user/Lunargoddess68,,0,2017
eojaykk,,0,78560,https://www.last.fm/user/eojaykk,,0,2025
Jaslito,,0,282821,https://www.last.fm/user/Jaslito,,0,2023
Mgrazina_14,,0,53409,https://www.last.fm/user/Mgrazina_14,,0,2024
ttheriddlerr,,0,168101,https://www.last.fm/user/ttheriddlerr,,0,2022
video_girlxxx,,0,452035,https://www.last.fm/user/video_girlxxx,,0,2009
l9h,,0,736900,https://www.last.fm/user/l9h,,0,2025
heartbreakave,,0,37017,https://www.last.fm/user/heartbreakave,,0,2025
exaltedpaean,,0,155009,https://www.last.fm/user/exaltedpaean,,0,2022
supersigma89,,0,139053,https://www.last.fm/user/supersigma89,,0,2024
worthydime,,0,39666,https://www.last.fm/user/worthydime,,0,2025
niceguydave,Singer-Songwriter-Musician NICE GUY DAVE,0,3060198,https://www.last.fm/user/niceguydave,,0,2010
Sister_Puddle,,0,233060,https://www.last.fm/user/Sister_Puddle,,0,2023
Dayus,,0,193216,https://www.last.fm/user/Dayus,,0,2005
Rios_cuomo,,0,52237,https://www.last.fm/user/Rios_cuomo,,0,2025
Naska203,,0,129636,https://www.last.fm/user/Naska203,,0,2022
avxrda,,0,32619,https://www.last.fm/user/avxrda,,0,2024
jaquetamaycry,,0,376224,https://www.last.fm/user/jaquetamaycry,,0,2025
Kris_Zawaski,,0,41825,https://www.last.fm/user/Kris_Zawaski,,0,2025
Pineaholic,,0,215809,https://www.last.fm/user/Pineaholic,,0,2023
crazytommy1,,0,8396,https://www.last.fm/user/crazytommy1,,0,2025
Rikki1111,,0,28700,https://www.last.fm/user/Rikki1111,,0,2025
szymixon77,,0,104673,https://www.last.fm/user/szymixon77,,0,2021
rarity-,,0,318134,https://www.last.fm/user/rarity-,,0,2022
R0ckk4tttttttt,,0,122329,https://www.last.fm/user/R0ckk4tttttttt,,0,2024
spanii_,,0,208466,https://www.last.fm/user/spanii_,,0,2021
alexislonely,,0,143012,https://www.last.fm/user/alexislonely,,0,2024
ihrtrei,,0,174820,https://www.last.fm/user/ihrtrei,,0,2022
jrwishow,,0,189674,https://www.last.fm/user/jrwishow,,0,2022
Val1_D,,0,59170,https://www.last.fm/user/Val1_D,,0,2024
Freakbob_Frank,,0,94012,https://www.last.fm/user/Freakbob_Frank,,0,2025
smileland,,0,77681,https://www.last.fm/user/smileland,,0,2025
Bababow2,,0,41048,https://www.last.fm/user/Bababow2,,0,2023
Sarahsweetie_x,,0,78671,https://www.last.fm/user/Sarahsweetie_x,,0,2008
riceconsumer200,,0,203785,https://www.last.fm/user/riceconsumer200,,0,2024
Laarilarii,,0,99867,https://www.last.fm/user/Laarilarii,,0,2025
rogerstaylor,,0,224895,https://www.last.fm/user/rogerstaylor,,0,2022
Talking_Corvids,,0,785573,https://www.last.fm/user/Talking_Corvids,,0,2023
ShamallamaRocks,,0,101396,https://www.last.fm/user/ShamallamaRocks,,0,2023
Arllllxo,,0,152665,https://www.last.fm/user/Arllllxo,,0,2023
p1nkhe4rts,,0,196972,https://www.last.fm/user/p1nkhe4rts,,0,2023
leandro_out,,0,1041393,https://www.last.fm/user/leandro_out,,0,2009
rdrevolver,,0,97600,https://www.last.fm/user/rdrevolver,,0,2025
envyinfested,,0,83999,https://www.last.fm/user/envyinfested,,0,2025
Stariexz,,0,77995,https://www.last.fm/user/Stariexz,,0,2024
UnusualTrashCan,,0,20685,https://www.last.fm/user/UnusualTrashCan,,0,2024
Twtltrtd,,0,303177,https://www.last.fm/user/Twtltrtd,,0,2023
Juansaladito,,0,102625,https://www.last.fm/user/Juansaladito,,0,2024
PixelGRM,,0,1968923,https://www.last.fm/user/PixelGRM,,0,2009
centimentality,,0,25388,https://www.last.fm/user/centimentality,,0,2025
Namirkadri,,0,94868,https://www.last.fm/user/Namirkadri,,0,2022
L3zzii,,0,52151,https://www.last.fm/user/L3zzii,,0,2024
uvejstbnquattro,,0,176171,https://www.last.fm/user/uvejstbnquattro,,0,2024
A_-_M,,0,219748,https://www.last.fm/user/A_-_M,,0,2024
beatledout,,0,56763,https://www.last.fm/user/beatledout,,0,2025
bruninhomars,,0,2633001,https://www.last.fm/user/bruninhomars,,0,2021
angellgrrll,,0,95907,https://www.last.fm/user/angellgrrll,,0,2024
Yarblesnoof,,0,103126,https://www.last.fm/user/Yarblesnoof,,0,2025
dangerzone046,,0,82126,https://www.last.fm/user/dangerzone046,,0,2024
Love_Sera,,0,53775,https://www.last.fm/user/Love_Sera,,0,2025
CH4ZZYTH30RY,,0,104315,https://www.last.fm/user/CH4ZZYTH30RY,,0,2023
L0VESDIST0RTED,,0,90059,https://www.last.fm/user/L0VESDIST0RTED,,0,2023
ilom1lozx,,0,49392,https://www.last.fm/user/ilom1lozx,,0,2025
ch3rrymari3,,0,22867,https://www.last.fm/user/ch3rrymari3,,0,2025
verst0le,,0,85051,https://www.last.fm/user/verst0le,,0,2025
Zubin_lover_69,,0,63920,https://www.last.fm/user/Zubin_lover_69,,0,2024
shann2606,,0,130659,https://www.last.fm/user/shann2606,,0,2024
tlvsthesmiths,,0,156051,https://www.last.fm/user/tlvsthesmiths,,0,2024
Hampen05,,0,166763,https://www.last.fm/user/Hampen05,,0,2022
Carlos_KidA,,0,884605,https://www.last.fm/user/Carlos_KidA,,0,2013
whitneyycc,,0,54725,https://www.last.fm/user/whitneyycc,,0,2024
ashyslay,,0,343574,https://www.last.fm/user/ashyslay,,0,2023
rue,,0,631131,https://www.last.fm/user/rue,,0,2024
brownsfan1128,,0,70057,https://www.last.fm/user/brownsfan1128,,0,2024
seratheory,,0,64522,https://www.last.fm/user/seratheory,,0,2025
nlacroix53,,0,173043,https://www.last.fm/user/nlacroix53,,0,2025
Kahvibagel,,0,572066,https://www.last.fm/user/Kahvibagel,,0,2020
ActuallyBeloved,,0,250198,https://www.last.fm/user/ActuallyBeloved,,0,2023
tallyhallfan01,,0,112278,https://www.last.fm/user/tallyhallfan01,,0,2023
SeaNorris,,0,115904,https://www.last.fm/user/SeaNorris,,0,2020
Snowwy_,,0,174965,https://www.last.fm/user/Snowwy_,,0,2024
meizinhapaixao,,0,88205,https://www.last.fm/user/meizinhapaixao,,0,2024
ReimiTheFatRat,,0,0,https://www.last.fm/user/ReimiTheFatRat,,0,0
i476,,0,0,https://www.last.fm/user/i476,,0,0
LinkinLightbulb,,0,66416,https://www.last.fm/user/LinkinLightbulb,,0,2025
Enigma_Machine_,,0,17813180,https://www.last.fm/user/Enigma_Machine_,,0,2013
heather08x,,0,37470,https://www.last.fm/user/heather08x,,0,2025
esabharwal,,0,56866,https://www.last.fm/user/esabharwal,,0,2023
Carolaetc,,0,213725,https://www.last.fm/user/Carolaetc,,0,2024
NexoNate,,0,23133,https://www.last.fm/user/NexoNate,,0,2024
ftdt_paula,,0,244269,https://www.last.fm/user/ftdt_paula,,0,2022
Tristanskk,,0,221861,https://www.last.fm/user/Tristanskk,,0,2022
Relaiczzz,,0,68915,https://www.last.fm/user/Relaiczzz,,0,2023
ayaayaaya_,,0,108906,https://www.last.fm/user/ayaayaaya_,,0,2023
wewantbands,,0,139048,https://www.last.fm/user/wewantbands,,0,2022
crazy4aqua711,,0,11035,https://www.last.fm/user/crazy4aqua711,,0,2025
emmetpoopy,,0,142182,https://www.last.fm/user/emmetpoopy,,0,2024
AppleScruff3,,0,240567,https://www.last.fm/user/AppleScruff3,,0,2022
crispinlastfm,,0,351366,https://www.last.fm/user/crispinlastfm,,0,2021
G3t_m1d,,0,198286,https://www.last.fm/user/G3t_m1d,,0,2021
allmightsluvr,,0,37451,https://www.last.fm/user/allmightsluvr,,0,2025
Mazrain,,0,0,https://www.last.fm/user/Mazrain,,0,0
mariahissigma,,0,67182,https://www.last.fm/user/mariahissigma,,0,2025
nicktubiolo,,0,143812,https://www.last.fm/user/nicktubiolo,,0,2024
Zanelovesmychem,,0,137869,https://www.last.fm/user/Zanelovesmychem,,0,2024
TykiMikk__,,0,202037,https://www.last.fm/user/TykiMikk__,,0,2024
red_m0on,,0,151178,https://www.last.fm/user/red_m0on,,0,2024
Guitarsen,,0,222821,https://www.last.fm/user/Guitarsen,,0,2022
PiotruRzodex,,0,401717,https://www.last.fm/user/PiotruRzodex,,0,2010
sevenseasofbri,,0,152279,https://www.last.fm/user/sevenseasofbri,,0,2024
Griftwoodz,,0,114309,https://www.last.fm/user/Griftwoodz,,0,2024
laserlulaby,,0,123576,https://www.last.fm/user/laserlulaby,,0,2025
